,ssd,centroids
0,350.7012848,10
1,345.8567571,20
2,380,30
3,324.19,40
4,318.306967,50
5,314.5,60
6,308.4378677,70
7,303.438552,80
8,297.4675229,90
9,293.3083277,100